<?xml version="1.0" encoding="UTF-8"?>
<extension type="plugin" group="system" method="upgrade">
	<name>plg_system_accessibility</name>
	<author>Joomla! Project</author>
	<creationDate>2020-02-15</creationDate>
	<copyright>(C) 2020 Open Source Matters, Inc.</copyright>
	<license>GNU General Public License version 2 or later; see LICENSE.txt</license>
	<authorEmail>admin@joomla.org</authorEmail>
	<authorUrl>www.joomla.org</authorUrl>
	<version>4.0.0</version>
	<description>PLG_SYSTEM_ACCESSIBILITY_XML_DESCRIPTION</description>
	<files>
		<filename plugin="accessibility">accessibility.php</filename>
		<folder>assets</folder>
	</files>
	<languages folder="language">
		<language tag="el-GR">el-GR/plg_system_accessibility.ini</language>
		<language tag="el-GR">el-GR/plg_system_accessibility.sys.ini</language>
		<language tag="en-GB">en-GB/plg_system_accessibility.ini</language>
		<language tag="en-GB">en-GB/plg_system_accessibility.sys.ini</language>
	</languages>
	<config>
		<fields name="params">
			<fieldset name="basic">
				<field
					name="section"
					type="list"
					label="PLG_SYSTEM_ACCESSIBILITY_SECTION"
					default="administrator"
					validate="options"
					>
					<option value="site">PLG_SYSTEM_ACCESSIBILITY_SECTION_SITE</option>
					<option value="administrator">PLG_SYSTEM_ACCESSIBILITY_SECTION_ADMIN</option>
					<option value="both">PLG_SYSTEM_ACCESSIBILITY_SECTION_BOTH</option>
				</field>
				<field
					name="useEmojis"
					type="list"
					label="PLG_SYSTEM_ACCESSIBILITY_EMOJIS"
					default="true"
					validate="options"
					>
					<option value="true">PLG_SYSTEM_ACCESSIBILITY_EMOJIS_TRUE</option>
					<option value="false">PLG_SYSTEM_ACCESSIBILITY_EMOJIS_FALSE</option>
				</field>
			</fieldset>
		</fields>
	</config>
</extension>
